C1#0203,COSTCO,#0203
C1#0204,COSTCO,#0204
C1#0205,COSTCO,#0205
C1#0208,COSTCO,#0208
C1#0213,COSTCO,#0213
C1#0214,COSTCO,#0214
C1#0218,COSTCO,#0218
C1#0225,COSTCO,#0225
C1#0227,COSTCO,#0227
C1#0233,COSTCO,#0233
C1#0239,COSTCO,#0239
C1#0246,COSTCO,#0246
C1#0301,COSTCO,#0301
C1#0317,COSTCO,#0317
C1#0319,COSTCO,#0319
C1#0325,COSTCO,#0325
C1#0330,COSTCO,#0330
C1#0334,COSTCO,#0334
C1#0337,COSTCO,#0337
C1#0340,COSTCO,#0340
C1#0626,COSTCO,#0626
C1#1000,COSTCO,#1000
C1#1039,COSTCO,#1039
C1#1078,COSTCO,#1078
C1#1089,COSTCO,#1089
C1#1103,COSTCO,#1103
C1#1114,COSTCO,#1114
C1#1115,COSTCO,#1115
C1#1120,COSTCO,#1120
C1#1124,COSTCO,#1124
C1#1184,COSTCO,#1184
C1#1326,COSTCO,#1326
C10#028,COSTCO,#0028
C10#048,COSTCO,#0048
C10#117,COSTCO,#0117
C10#122,COSTCO,#0122
C10#126,COSTCO,#0126
C10#128,COSTCO,#0128
C10#130,COSTCO,#0130
C10#410,COSTCO,#0410
C10#411,COSTCO,#0411
C10#412,COSTCO,#0412
C10#418,COSTCO,#418
C10#420,COSTCO,#0420
C10#424,COSTCO,#0424
C10#428,COSTCO,#0428
C10#429,COSTCO,#0429
C10#432,COSTCO,#0432
C10#437,COSTCO,#0437
C10#441,COSTCO,#0441
C10#445,COSTCO,#0445
C10#447,COSTCO,#0447
C10#454,COSTCO,#0454
C10#473,COSTCO,#0473
C10#476,COSTCO,#0476
C10#478,COSTCO,#0478
C10#479,COSTCO,#0479
C10#627,COSTCO,#0627
C10#638,COSTCO,#0638
C10#671,COSTCO,#0671
C10#677,COSTCO,#0677
C10#678,COSTCO,#0678
C10#679,COSTCO,#0679
C10#686,COSTCO,#0686
C10#688,COSTCO,#0688
C10#690,COSTCO,#0690
C10#748,COSTCO,#0748
C10#777,COSTCO,#0777
C101001,COSTCO,#1001
C101015,COSTCO,#1015
C101050,COSTCO,#1050
C101110,COSTCO,#1110
C101202,COSTCO,#1202
C101205,COSTCO,#1205
C101275,COSTCO,#1275
C101317,COSTCO,#1317
C101318,COSTCO,#1318
C11#001,COSTCO,#0001
C11#002,COSTCO,#0002
C11#006,COSTCO,#0006
C11#008,COSTCO,#0008
C11#009,COSTCO,#0009
C11#013,COSTCO,#0013
C11#017,COSTCO,#0017
C11#061,COSTCO,#0061
C11#065,COSTCO,#0065
C11#066,COSTCO,#0066
C11#067,COSTCO,#0067
C11#068,COSTCO,#0068
C11#069,COSTCO,#0069
C11#095,COSTCO,#0095
C11#096,COSTCO,#0096
C11#097,COSTCO,#0097
C11#101,COSTCO,#0101
C11#103,COSTCO,#0103
C11#106,COSTCO,#0106
C11#111,COSTCO,#0111
C11#112,COSTCO,#0112
C11#113,COSTCO,#0113
C11#114,COSTCO,#0114
C11#145,COSTCO,#145
C11#484,COSTCO,#0484
C11#486,COSTCO,#0486
C11#487,COSTCO,#0487
C11#622,COSTCO,#0622
C11#624,COSTCO,#0624
C11#633,COSTCO,#0633
C11#642,COSTCO,#0642
C11#660,COSTCO,#0660
C11#662,COSTCO,#0662
C11#670,COSTCO,#0670
C11#682,COSTCO,#0682
C11#692,COSTCO,#0692
C11#733,COSTCO,#0733
C11#734,COSTCO,#0734
C11#740,COSTCO,#740
C11#747,COSTCO,#0747
C11#761,COSTCO,#0761
C11#764,COSTCO,#0764
C11#766,COSTCO,#0766
C11#770,COSTCO,#0770
C11#772,COSTCO,#0772
C11#773,COSTCO,#0773
C111019,COSTCO,#1019
C111029,COSTCO,#1029
C111059,COSTCO,#1059
C111073,COSTCO,#1073
C111086,COSTCO,#1086
C111118,COSTCO,#1118
C111190,COSTCO,#1190
C111216,COSTCO,#1216
C111225,COSTCO,#1225
C111278,COSTCO,#1278
C111287,COSTCO,#1287
C111298,COSTCO,#1298
C111492,COSTCO,#1492
C111588,COSTCO,#1588
C111644,COSTCO,#1644
C111696,COSTCO,#1696
C2#0222,COSTCO,#0222
C2#0231,COSTCO,#0231
C2#0237,COSTCO,#0237
C2#0241,COSTCO,#0241
C2#0244,COSTCO,#0244
C2#0303,COSTCO,#0303
C2#0305,COSTCO,#0305
C2#0306,COSTCO,#0306
C2#0315,COSTCO,#0315
C2#0318,COSTCO,#0318
C2#0320,COSTCO,#0320
C2#0321,COSTCO,#0321
C2#0322,COSTCO,#0322
C2#0323,COSTCO,#0323
C2#0326,COSTCO,#0326
C2#0749,COSTCO,#0749
C2#1166,COSTCO,#1166
C2#1177,COSTCO,#1177
C2#1199,COSTCO,#1199
C2#1214,COSTCO,#1214
C2#1236,COSTCO,#1236
C2#1334,COSTCO,#1334
C2#1415,COSTCO,#1415
C3#0206,COSTCO,#0206
C3#0226,COSTCO,#0226
C3#0230,COSTCO,#0230
C3#0240,COSTCO,#0240
C3#0243,COSTCO,#0243
C3#0245,COSTCO,#0245
C3#0247,COSTCO,#0247
C3#0248,COSTCO,#0248
C3#0302,COSTCO,#0302
C3#0304,COSTCO,#0304
C3#0307,COSTCO,#0307
C3#0308,COSTCO,#0308
C3#0310,COSTCO,#0310
C3#0312,COSTCO,#0312
C3#0313,COSTCO,#0313
C3#0314,COSTCO,#0314
C3#0316,COSTCO,#0316
C3#0324,COSTCO,#0324
C3#0327,COSTCO,#0327
C3#0328,COSTCO,#0328
C3#0332,COSTCO,#0332
C3#0333,COSTCO,#0333
C3#0649,COSTCO,#0649
C3#0780,COSTCO,#0780
C3#1062,COSTCO,#1062
C3#1070,COSTCO,#1070
C3#1081,COSTCO,#1081
C3#1093,COSTCO,#1093
C3#1174,COSTCO,#1174
C3#1195,COSTCO,#1195
C3#1196,COSTCO,#1196
C3#1211,COSTCO,#1211
C3#1215,COSTCO,#1215
C4#0489,COSTCO,#0489
C4#0636,COSTCO,#0636
C4#0641,COSTCO,#0641
C4#0664,COSTCO,#0664
C4#0668,COSTCO,#0668
C4#0669,COSTCO,#0669
C4#0675,COSTCO,#0675
C4#0680,COSTCO,#0680
C4#0681,COSTCO,#0681
C4#0683,COSTCO,#0683
C4#0684,COSTCO,#0684
C4#0689,COSTCO,#0689
C4#0693,COSTCO,#0693
C4#1006,COSTCO,#1006
C4#1018,COSTCO,#1018
C4#1049,COSTCO,#1049
C4#1097,COSTCO,#1097
C4#1146,COSTCO,#1146
C4#1147,COSTCO,#1147
C4#1152,COSTCO,#1152
C4#1167,COSTCO,#1167
C4#1173,COSTCO,#1173
C4#1189,COSTCO,#1189
C4#1201,COSTCO,#1201
C4#1208,COSTCO,#1208
C4#1228,COSTCO,#1228
C4#1266,COSTCO,#1266
C4#1284,COSTCO,#1284
C4#1322,COSTCO,#1322
C4#1330,COSTCO,#1330
C4#1449,COSTCO,#1449
C4#636,COSTCO,#0636
C5#0187,COSTCO,#0187
C5#0188,COSTCO,#0188
C5#0189,COSTCO,#0189
C5#0249,COSTCO,#0249
C5#0339,COSTCO,#0339
C5#0352,COSTCO,#0352
C5#0353,COSTCO,#0353
C5#0356,COSTCO,#0356
C5#0359,COSTCO,#0359
C5#0360,COSTCO,#0360
C5#0361,COSTCO,#0361
C5#0362,COSTCO,#0362
C5#0366,COSTCO,#0366
C5#0367,COSTCO,#0367
C5#0386,COSTCO,#0386
C5#0630,COSTCO,#0630
C5#0631,COSTCO,#0631
C5#0635,COSTCO,#0635
C5#0645,COSTCO,#0645
C5#0743,COSTCO,#0743
C5#1005,COSTCO,#1005
C5#1009,COSTCO,#1009
C5#1083,COSTCO,#1083
C5#1084,COSTCO,#1084
C5#1102,COSTCO,#1102
C5#1116,COSTCO,#1116
C5#1175,COSTCO,#1175
C5#1206,COSTCO,#1206
C5#1361,COSTCO,#1361
C5#1448,COSTCO,#1448
C5#1621,COSTCO,#1621
C5#1659,COSTCO,#1659
C5#1686,COSTCO,#1686
C5#1712,COSTCO,#1712
C6#0088,COSTCO,#0088
C6#0091,COSTCO,#0091
C6#0092,COSTCO,#0092
C6#0093,COSTCO,#0093
C6#0180,COSTCO,#0180
C6#0182,COSTCO,#0182
C6#0183,COSTCO,#0183
C6#0185,COSTCO,#0185
C6#0336,COSTCO,#0336
C6#0345,COSTCO,#0345
C6#0351,COSTCO,#0351
C6#0354,COSTCO,#0354
C6#0357,COSTCO,#0357
C6#0621,COSTCO,#0621
C6#0742,COSTCO,#0742
C6#1023,COSTCO,#1023
C6#1026,COSTCO,#1026
C6#1123,COSTCO,#1123
C6#1235,COSTCO,#1235
C6#1262,COSTCO,#0185
C6#1294,COSTCO,#1294
C6#1323,COSTCO,#1323
C6#1364,COSTCO,#1364
C6#1450,COSTCO,#1450
C6#1649,COSTCO,#1649
C6#1681,COSTCO,#1681
C6#1717,COSTCO,#1717
C7#0021,COSTCO,#0021
C7#0025,COSTCO,#0025
C7#0029,COSTCO,#0029
C7#0038,COSTCO,#038
C7#0041,COSTCO,#0041
C7#0118,COSTCO,#0118
C7#0127,COSTCO,#0127
C7#0129,COSTCO,#0129
C7#0131,COSTCO,#0131
C7#0132,COSTCO,#0132
C7#0133,COSTCO,#0133
C7#0135,COSTCO,#0135
C7#0141,COSTCO,#0141
C7#0143,COSTCO,#0143
C7#0144,COSTCO,#0144
C7#0146,COSTCO,#0146
C7#0147,COSTCO,#0147
C7#0148,COSTCO,#0148
C7#0149,COSTCO,#0149
C7#0422,COSTCO,#0422
C7#0423,COSTCO,#0423
C7#0438,COSTCO,#0438
C7#0470,COSTCO,#0470
C7#0471,COSTCO,#0471
C7#0475,COSTCO,#0475
C7#0482,COSTCO,#0482
C7#0646,COSTCO,#0646
C7#0657,COSTCO,#0657
C7#0659,COSTCO,#0659
C7#0663,COSTCO,#0663
C7#0685,COSTCO,#0685
C7#0694,COSTCO,#0694
C7#0765,COSTCO,#0765
C7#0771,COSTCO,#0771
C7#0778,COSTCO,#0778
C7#1002,COSTCO,#1002
C7#1003,COSTCO,#1003
C7#1004,COSTCO,#1004
C7#1011,COSTCO,#1011
C7#1042,COSTCO,#1042
C7#1061,COSTCO,#1061
C7#1091,COSTCO,#1091
C7#1267,COSTCO,#1267
C7#1297,COSTCO,#1297
C7#1660,COSTCO,#1660
C7#1994,COSTCO,#1994
C8#0116,COSTCO,#0116
C8#0124,COSTCO,#0124
C8#0401,COSTCO,#0401
C8#0403,COSTCO,#0403
C8#0407,COSTCO,#0407
C8#0427,COSTCO,#0427
C8#0431,COSTCO,#0431
C8#0436,COSTCO,#0436
C8#0439,COSTCO,#0439
C8#0440,COSTCO,#0440
C8#0443,COSTCO,#0443
C8#0452,COSTCO,#0452
C8#0460,COSTCO,#0460
C8#0462,COSTCO,#0462
C8#0465,COSTCO,#0465
C8#0466,COSTCO,#0466
C8#0468,COSTCO,#0468
C8#0469,COSTCO,#0469
C8#0480,COSTCO,#0480
C8#0481,COSTCO,#0481
C8#0483,COSTCO,#0483
C8#0488,COSTCO,#0488
C8#0490,COSTCO,#0490
C8#0491,COSTCO,#0491
C8#0629,COSTCO,#0629
C8#0644,COSTCO,#0644
C8#0667,COSTCO,#0667
C8#0672,COSTCO,#0672
C8#0673,COSTCO,#0673
C8#0674,COSTCO,#0674
C8#0676,COSTCO,#0676
C8#0691,COSTCO,#0691
C8#0736,COSTCO,#0736
C8#0737,COSTCO,#0737
C8#0738,COSTCO,#0738
C8#0746,COSTCO,#0746
C8#0775,COSTCO,#0775
C8#0781,COSTCO,#0781
C8#1027,COSTCO,#1027
C8#1028,COSTCO,#1028
C8#1058,COSTCO,#1058
C8#1079,COSTCO,#1079
C8#1080,COSTCO,#1080
C8#1390,COSTCO,#1390
C9#0341,COSTCO,#0341
C9#0344,COSTCO,#0344
C9#0346,COSTCO,#0346
C9#0347,COSTCO,#0347
C9#0348,COSTCO,#0348
C9#0369,COSTCO,#0369
C9#0370,COSTCO,#0370
C9#0371,COSTCO,#0371
C9#0373,COSTCO,#0373
C9#0374,COSTCO,#0374
C9#0375,COSTCO,#0375
C9#0377,COSTCO,#0377
C9#0378,COSTCO,#0378
C9#0379,COSTCO,#0379
C9#0380,COSTCO,#0380
C9#0382,COSTCO,#0382
C9#0383,COSTCO,#0383
C9#0384,COSTCO,#0384
C9#0387,COSTCO,#0387
C9#0388,COSTCO,#0388
C9#0390,COSTCO,#0390
C9#0394,COSTCO,#0394
C9#0625,COSTCO,#0625
C9#0632,COSTCO,#0632
C9#0634,COSTCO,#0634
C9#0647,COSTCO,#0647
C9#0648,COSTCO,#0648
C9#0766,COSTCO,#0766
C9#0779,COSTCO,#0779
C9#0783,COSTCO,#0783
C9#0784,COSTCO,#0784
C9#0786,COSTCO,#0786
C9#0788,COSTCO,#0788
C9#1012,COSTCO,#1012
C9#1020,COSTCO,#1020
C9#1021,COSTCO,#1021
C9#1037,COSTCO,#1037
C9#1040,COSTCO,#1040
C9#1060,COSTCO,#1060
C9#1074,COSTCO,#1074
C9#1085,COSTCO,#1085
C9#1087,COSTCO,#1087
C9#1106,COSTCO,#1106
C9#1107,COSTCO,#1107
C9#1121,COSTCO,#1121
C9#1153,COSTCO,#1153
C9#1160,COSTCO,#1160
C9#1161,COSTCO,#1161
C9#1183,COSTCO,#1183
C9#1991,COSTCO,#1991
C991984,COSTCO,#1984
C991985,COSTCO,#1985
C991986,COSTCO,#1986
C991987,COSTCO,#1987
C991988,COSTCO,#1988
C991989,COSTCO,#1989
C991990,COSTCO,#1990
C991991,COSTCO,#1991
C991992,COSTCO,#1992
C991993,COSTCO,#1993
C991994,COSTCO,#1994
C991995,COSTCO,#1995
C991996,COSTCO,#1996
C991998,COSTCO,#1998
